dogYupi,1,123,https://636f-codenav-8grj8px727565176-1256524210.tcb.qcloud.la/img/logo.png,0,xxx,123,456,0,2023-07-15 21:56:06,2023-07-27 21:13:36,1,0,001,"[""JAVA"",""C++"",""男"",""PYTHON""]",帅哥
小庄,2,12345678,"https://img2.baidu.com/it/u=3681172266,4264167375&fm=253&app=138&size=w931&n=0&f=JPEG&fmt=auto?sec=1690563600&t=9877e43806bbbe4e6ec0e49169e244c7",1,123,123,1255@qq.com,0,2023-07-25 19:33:22,2023-07-27 20:57:11,0,0,002,"[""打工"",""男"",""社畜"",""大一""]",美女
小王,3,12345,"https://img2.baidu.com/it/u=3681172266,4264167375&fm=253&app=138&size=w931&n=0&f=JPEG&fmt=auto?sec=1690563600&t=9877e43806bbbe4e6ec0e49169e244c7",1,123,123,1255@qq.com,0,2023-07-25 19:33:22,2023-07-27 20:57:11,0,0,003,"[""学生党"",""男"",""大二""]",上班族
小依,4,1234512,"https://img2.baidu.com/it/u=3681172266,4264167375&fm=253&app=138&size=w931&n=0&f=JPEG&fmt=auto?sec=1690563600&t=9877e43806bbbe4e6ec0e49169e244c7",0,123,123,1255@qq.com,0,2023-07-25 19:33:22,2023-07-27 20:57:11,0,0,004,"[""上班"",""女"",""大三""]",躺平
小智,5,12345123,"https://img2.baidu.com/it/u=3681172266,4264167375&fm=253&app=138&size=w931&n=0&f=JPEG&fmt=auto?sec=1690563600&t=9877e43806bbbe4e6ec0e49169e244c7",0,123,123,1255@qq.com,0,2023-07-25 19:33:22,2023-07-27 20:57:11,0,0,005,"[""JAVA"",""PYTHON"",""女"",""大四""]",找对象中
小五,6,123321,"https://img2.baidu.com/it/u=3681172266,4264167375&fm=253&app=138&size=w931&n=0&f=JPEG&fmt=auto?sec=1690563600&t=9877e43806bbbe4e6ec0e49169e244c7",0,123,123,1255@qq.com,0,2023-07-25 19:33:22,2023-07-27 20:57:11,0,0,006,"[""JAVA"",""C++"",""js"",""PYTHON"",""女""]",在学习
dogYupi,7,123,https://636f-codenav-8grj8px727565176-1256524210.tcb.qcloud.la/img/logo.png,0,xxx,123,456,0,2023-07-27 21:13:36,2023-07-27 22:20:01,0,0,007,null,null
dogYupi,8,123,https://636f-codenav-8grj8px727565176-1256524210.tcb.qcloud.la/img/logo.png,0,xxx,123,456,0,2023-07-27 21:16:42,2023-07-27 22:20:01,0,0,008,null,null
dogYupi,9,123,https://636f-codenav-8grj8px727565176-1256524210.tcb.qcloud.la/img/logo.png,0,xxx,123,456,0,2023-07-27 21:19:09,2023-07-27 22:20:01,0,0,009,null,null
MrsZhuang,10,小庄不打野,"https://img2.baidu.com/it/u=3681172266,4264167375&fm=253&app=138&size=w931&n=0&f=JPEG&fmt=auto?sec=1690563600&t=9877e43806bbbe4e6ec0e49169e244c7",1,b03d227f78c0c79334fca76e7b8eb46a,18759920592,1255847189@qq.com,0,2023-07-27 22:16:25,2023-07-30 22:09:45,0,0,010,"[""帅哥"",""C++"",""就业"",""PYTHON"",""男""]",上进的小伙子
